sector,impact,proxy,difference,ratio,account
Construction work (45),10834418912.021809,11526871093.02322,692452181.0014114,1.0639122583891483,CBA
Real estate services (70),7812964859.283652,8359398480.492111,546433621.2084589,1.0699393419847738,CBA
Steam and hot water supply services,4360999489.062791,4387880426.721233,26880937.658442497,1.006163939648665,CBA
Machinery and equipment n.e.c. (29),4178177664.550045,4362753911.546871,184576246.99682617,1.0441762562092254,CBA
Food products nec,4142378765.665635,4293757546.608198,151378780.94256306,1.0365439254848627,CBA
Supporting and auxiliary transport services; travel agency services (63),4146252912.6305966,4233810980.5938783,87558067.96328163,1.0211173967937548,CBA
Hotel and restaurant services (55),4042972740.484787,4207704720.6560493,164731980.17126226,1.040745261159369,CBA
"Motor vehicles, trailers and semi-trailers (34)",3197846636.7505836,3338092255.0596724,140245618.3090887,1.0438562677450962,CBA
Dairy products,3161595456.3165298,3314968523.6452346,153373067.32870483,1.0485112878759622,CBA
Air transport services (62),2721671699.9356604,2756372123.9416184,34700424.00595808,1.0127496729332852,CBA
Motor Gasoline,2398427295.3997726,2555965999.30042,157538703.90064716,1.0656841690397743,CBA
Products of meat cattle,2313847616.0860977,2392795750.749127,78948134.6630292,1.0341198504664586,CBA
Health and social work services (85),2084266630.8349621,2169615636.0156317,85349005.18066955,1.0409491779592894,CBA
Computer and related services (72),2005673189.2543194,2077318996.0294619,71645806.77514243,1.0357215757577032,CBA
"Fabricated metal products, except machinery and equipment (28)",1808949547.1707685,1885600014.4385595,76650467.26779103,1.0423729160316682,CBA
Public administration and defence services; compulsory social security services (75),1757211575.4525733,1828819416.731274,71607841.27870059,1.0407508363130704,CBA
Furniture; other manufactured goods n.e.c. (36),1500805164.48966,1572765255.5793202,71960091.08966017,1.0479476568926451,CBA
Electrical machinery and apparatus n.e.c. (31),1342612930.8389509,1396090736.771276,53477805.932325125,1.0398311417266841,CBA
"Plastics, basic",1237681481.5434945,1330822574.2026105,93141092.65911603,1.0752544932182075,CBA
Textiles (17),1233493827.819233,1303149829.4651701,69656001.6459372,1.0564704906299258,CBA
Education services (80),1179820310.85144,1228303767.734363,48483456.882923126,1.0410939330650564,CBA
Research and development services (73),1104349307.1418145,1158306265.37308,53956958.231265545,1.0488585974404352,CBA
Wearing apparel; furs (18),1021981723.3785374,1069864550.2228818,47882826.84434438,1.0468529189407125,CBA
Other transport equipment (35),970172096.5858762,999311062.7955183,29138966.209642053,1.030034842593582,CBA
Post and telecommunication services (64),947882616.818915,988767243.6389112,40884626.81999624,1.043132584240446,CBA
"Recreational, cultural and sporting services (92)",901829953.1008074,944177255.8407128,42347302.73990536,1.0469570816474885,CBA
"Retail  trade services, except of motor vehicles and motorcycles; repair services of personal and household goods (52)",864842142.8660808,895961961.4837946,31119818.61771381,1.0359832356394925,CBA
Meat products nec,840600721.3782772,869429316.5943958,28828595.216118574,1.034295230164507,CBA
Rubber and plastic products (25),800021097.2310125,853013952.8257551,52992855.594742656,1.0662393226605629,CBA
"Vegetables, fruit, nuts",759287806.5239526,760913664.8893741,1625858.3654215336,1.0021412939223464,CBA
Wheat,754872353.8944918,729718898.308893,-25153455.585598826,0.966678531203549,CBA
"Radio, television and communication equipment and apparatus (32)",688811568.6284535,712991289.9992787,24179721.37082517,1.0351035355270983,CBA
Other land transportation services,676871622.005801,707678047.3860238,30806425.380222797,1.0455129516124977,CBA
Membership organisation services n.e.c. (91),675292762.2414039,700649691.9931543,25356929.75175035,1.0375495358007194,CBA
"Medical, precision and optical instruments, watches and clocks (33)",666596406.5326949,694687492.8853676,28091086.352672696,1.0421410707849277,CBA
Office machinery and computers (30),663243533.5288216,693188379.7883809,29944846.259559274,1.0451490964415984,CBA
"Wholesale trade and commission trade services, except of motor vehicles and motorcycles (51)",454075870.58906573,473981717.069015,19905846.479949296,1.0438381507789123,CBA
Beverages,432253480.2494781,464525596.43841493,32272116.18893683,1.0746601650733054,CBA
Ceramic goods,413385338.99626994,439941676.01630265,26556337.020032704,1.0642411196403663,CBA
Other services (93),401552051.9114539,439204341.7263559,37652289.81490201,1.0937668968086973,CBA
Renting services of machinery and equipment without operator and of personal and household goods (71),412656465.4546904,436631416.69993156,23974951.245241165,1.058099056363564,CBA
Products of meat pigs,408840162.5728784,418344083.87527156,9503921.302393138,1.0232460559710765,CBA
"Products of forestry, logging and related services (02)",290103845.9536696,414997539.26856375,124893693.31489414,1.4305137455324877,CBA
"Insurance and pension funding services, except compulsory social security services (66)",401767525.34855056,412687162.8406709,10919637.492120326,1.0271789948245496,CBA
Leather and leather products (19),389213514.8416219,409120009.1246137,19906494.282991827,1.0511454343796158,CBA
Crops nec,307097295.7920115,360577609.7014774,53480313.90946591,1.174147785220768,CBA
Oil seeds,369922401.85624474,348524749.3619976,-21397652.49424714,0.9421563755347737,CBA
Electricity by hydro,330951132.37327373,343561131.24089944,12609998.867625713,1.0381022985997919,CBA
Railway transportation services,310255774.2138527,323634554.0309864,13378779.817133725,1.0431217754158928,CBA
Wood and products of wood and cork (except furniture); articles of straw and plaiting materials (20),291154007.04540807,322983034.16819626,31829027.12278819,1.109320244106495,CBA
Other business services (74),301366902.1433527,312234590.1003237,10867687.95697099,1.0360613188763559,CBA
Other non-metallic mineral products,286272469.6061225,309773747.89497817,23501278.288855672,1.0820940914129489,CBA
"Financial intermediation services, except insurance and pension funding services (65)",278167577.0598669,290018798.3966907,11851221.336823821,1.042604610724539,CBA
Distribution and trade services of electricity,269416019.79136753,282659560.1245007,13243540.333133161,1.049156469401444,CBA
Cattle,274912013.58968574,282244285.060873,7332271.471187234,1.0266713388601885,CBA
Printed matter and recorded media (22),267096755.0299853,280803795.1521659,13707040.122180581,1.0513186321587538,CBA
Paper and paper products,260758051.20289713,278385395.9622959,17627344.75939876,1.0676003854074014,CBA
Poultry,283570287.3860504,269678460.0288174,-13891827.357232988,0.9510109910128886,CBA
Sea and coastal water transportation services,237836336.262085,239808101.46991494,1971765.2078299522,1.008290428783166,CBA
Meat animals nec,222020133.6625026,227875701.55752435,5855567.895021766,1.026374040040544,CBA
Nuclear fuel,181106514.26034746,194879653.77331296,13773139.5129655,1.0760499398335617,CBA
"Lead, zinc and tin ores and concentrates",177064037.2366719,190975440.90155104,13911403.664879143,1.0785670759685917,CBA
Processed rice,170938237.82704267,184956681.61569256,14018443.788649887,1.0820088235777527,CBA
Products of meat poultry,173678848.61941615,179727013.049055,6048164.429638863,1.0348238399650624,CBA
"Sale, maintenance, repair of motor vehicles, motor vehicles parts, motorcycles, motor cycles parts and accessoiries",105718797.41653152,110841707.11277916,5122909.696247637,1.0484578884875448,CBA
Bitumen,94870117.27530655,104375181.92231704,9505064.64701049,1.1001902908945231,CBA
Electricity by nuclear,98217584.01802886,104243808.41699922,6026224.3989703655,1.0613558606559106,CBA
products of Vegetable oils and fats,95884907.648151,103247074.0475479,7362166.399396911,1.076781284771242,CBA
Pigs,91601602.71629107,94007915.5957078,2406312.879416734,1.0262693316280675,CBA
Transmission services of electricity,85255603.10998335,93983969.83324377,8728366.723260418,1.102378804499224,CBA
Private households with employed persons (95),83705717.85967511,85953834.76122117,2248116.901546061,1.0268573875122224,CBA
"Chemical and fertilizer minerals, salt and other mining and quarrying products n.e.c.",75652773.61262433,80283303.55661699,4630529.943992659,1.0612076692350108,CBA
Cereal grains nec,78025079.23399681,76579180.54965642,-1445898.6843403876,0.981468795693188,CBA
Electricity by biomass and waste,61009735.63188113,64978371.99607377,3968636.364192635,1.0650492306365411,CBA
Tobacco products (16),57594780.08632001,63309504.14241851,5714724.056098498,1.099222951238525,CBA
Copper products,58771433.866789654,63166754.9181461,4395321.05135645,1.0747866907810828,CBA
Inland water transportation services,59984087.07116711,60584786.3518798,600699.2807126865,1.0100143106287505,CBA
Fish and other fishing products; services incidental of fishing (05),50435412.30723321,52059771.75170437,1624359.4444711655,1.0322067248023312,CBA
Electricity nec,47509947.15450174,47549488.423730485,39541.26922874153,1.0008322734837012,CBA
Retail trade services of motor fuel,40412460.603286445,41319032.746748574,906572.1434621289,1.022432985518046,CBA
Kerosene Type Jet Fuel,31466590.238776967,33220881.481057186,1754291.2422802188,1.0557509164154166,CBA
Basic iron and steel and of ferro-alloys and first products thereof,31544354.210959543,32951061.31585174,1406707.104892198,1.0445945761160476,CBA
Gas/Diesel Oil,29491827.668491732,31514881.984595947,2023054.3161042146,1.0685971157449015,CBA
Liquefied Petroleum Gases (LPG),26505039.968487468,28475348.683722995,1970308.7152355276,1.0743371342800494,CBA
Biogas,26387774.763768625,27053784.50139373,666009.7376251072,1.0252393293328985,CBA
Secondary raw materials,25290842.081818055,25677471.241134122,386629.15931606665,1.0152873185505364,CBA
Heavy Fuel Oil,21480865.140901867,22981966.740651008,1501101.5997491404,1.0698808725767233,CBA
Other Bituminous Coal,19673912.443990164,22125051.31833497,2451138.874344807,1.1245882780724463,CBA
Animal products nec,19488529.485186905,20583060.778160203,1094531.2929732986,1.0561628466532196,CBA
Stone,12485024.096622828,17960217.54711115,5475193.4504883215,1.4385408797063794,CBA
Sand and clay,12802392.859908473,16890717.608730596,4088324.748822123,1.3193406727600883,CBA
Iron ores,10758830.293742385,16771004.706534447,6012174.412792062,1.5588130167169658,CBA
"Cement, lime and plaster",15570820.422458038,15958880.697604913,388060.27514687553,1.024922275424047,CBA
Pulp,13198407.463529607,14879515.751373919,1681108.2878443114,1.1273720554915145,CBA
Aluminium and aluminium products,12240799.245293334,14628387.312194426,2387588.0669010915,1.1950516481037081,CBA
Electricity by petroleum and other oil derivatives,13696786.882314758,14465556.333949085,768769.451634327,1.0561277223804189,CBA
Copper ores and concentrates,12443045.149386574,13554129.71113687,1111084.5617502965,1.0892936213291062,CBA
Services auxiliary to financial intermediation (67),10388976.248958025,10797879.775783252,408903.52682522684,1.0393593667967274,CBA
Electricity by gas,10459104.695248263,10543056.712735578,83952.01748731546,1.0080266925261256,CBA
Precious metal ores and concentrates,8182736.481315268,9470825.151365714,1288088.670050446,1.157415391903639,CBA
Other non-ferrous metal products,6275851.437523624,6556642.087382377,280790.6498587532,1.0447414430781283,CBA
P- and other fertiliser,5872146.831073797,6018727.943608619,146581.11253482196,1.024962099339743,CBA
N-fertiliser,4200024.507970896,4317660.724237315,117636.21626641974,1.0280084594847405,CBA
Raw milk,3922621.056744304,4087992.1767102364,165371.11996593233,1.0421583215849015,CBA
Sugar,3848349.160009025,3963289.336244746,114940.17623572098,1.0298673980599649,CBA
Biodiesels,2875251.9316132274,3011998.331657645,136746.40004441747,1.0475597976444773,CBA
Foundry work services,2896080.5877980026,2753474.7680819207,-142605.81971608195,0.9507590291800165,CBA
Precious metals,2156785.469415411,2202519.8078018622,45734.33838645136,1.021204862066716,CBA
Naphtha,1751922.3948093883,1890048.0838188753,138125.68900948693,1.0788423559278235,CBA
"Lead, zinc and tin and products thereof",1799409.1928053102,1884530.998829046,85121.80602373579,1.0473054191142757,CBA
Glass and glass products,1818819.415076867,1882607.6825097885,63788.267432921566,1.035071248362623,CBA
Other Liquid Biofuels,1549397.4456668077,1623060.3793011324,73662.9336343247,1.0475429553858744,CBA
Fish products,1494739.7289690168,1524496.1872245811,29756.45825556433,1.0199074512297124,CBA
Gas Works Gas,1070074.6114248205,1096774.9972107317,26700.385785911232,1.024951891672637,CBA
"Bricks, tiles and construction products, in baked clay",1015433.5898836341,1044156.7212801088,28723.131396474666,1.0282865681051248,CBA
Biogasoline,965033.0988311952,1010982.1420800323,45949.043248837115,1.0476139557332163,CBA
Other non-ferrous metal ores and concentrates,551431.5129481376,580594.644388135,29163.131439997465,1.052886225678474,CBA
Refinery Feedstocks,322234.8271159168,352062.81118581846,29827.984069901635,1.0925659846791536,CBA
Paddy rice,302434.5491116306,322332.87684532016,19898.32773368957,1.0657938313996824,CBA
Electricity by solar photovoltaic,249869.7169310997,261583.9153645893,11714.198433489597,1.0468812250534534,CBA
Electricity by coal,158644.88842321868,171360.7142366225,12715.825813403819,1.0801527609227577,CBA
Aviation Gasoline,153065.33493491026,156640.34703160278,3575.012096692517,1.0233561184719764,CBA
Electricity by wind,122408.55489323616,127988.78922386545,5580.23433062929,1.0455869635541104,CBA
Coke Oven Coke,124455.16819339905,127831.1917070604,3376.0235136613483,1.027126422812873,CBA
Coking Coal,108981.49525344651,117272.95492826148,8291.459674814963,1.0760813535869773,CBA
Peat,60845.72652215042,68026.87800891198,7181.151486761562,1.1180222818795222,CBA
Kerosene,62439.51838507177,67879.37418061322,5439.8557955414435,1.0871220011979148,CBA
Nickel ores and concentrates,27612.337324223106,30516.215181208132,2903.8778569850256,1.1051659561770448,CBA
Additives/Blending Components,12745.631557057592,14103.855279824478,1358.2237227668866,1.1065638620327765,CBA
Lubricants,10979.47277567458,11748.438692276353,768.9659166017736,1.0700366886746553,CBA
Paraffin Waxes,8091.841684366996,8662.709995741674,570.8683113746783,1.07054862584343,CBA
Aluminium ores and concentrates,6232.300273078087,6359.94200570374,127.64173262565237,1.0204806776042277,CBA
Charcoal,1774.4999215176188,1866.6327626811346,92.13284116351588,1.0519204537832385,CBA
"Wool, silk-worm cocoons",1809.4056945955488,1812.2866648611455,2.8809702655967158,1.0015922190773479,CBA
Coal Tar,1228.8631988537165,1452.0367907818834,223.17359192816684,1.1816097936176648,CBA
"Sugar cane, sugar beet",135.7435169980635,131.43348638500686,-4.310030613056654,0.9682487185511913,CBA
Plant-based fibers,86.57389802449028,83.15236433230982,-3.4215336921804607,0.9604784609419739,CBA
Electricity by Geothermal,8.695183229336992,9.741526236135531,1.0463430067985389,1.1203359353335125,CBA
BKB/Peat Briquettes,1.290504299005194,1.4145889945984411,0.12408469559324709,1.0961520978185813,CBA
Electricity by solar thermal,0.2004948534688311,0.30791803621825414,0.10742318274942303,1.5357902254888702,CBA
Lignite/Brown Coal,0.06748585650525682,0.15450582990690007,0.08701997340164325,2.2894549748340944,CBA
Anthracite,0.1232654933715939,0.13779079983494158,0.014525306463347681,1.1178375721059255,CBA
Patent Fuel,0.11031377259708873,0.11379631908456461,0.003482546487475882,1.0315694623208616,CBA
Natural Gas Liquids,0.10663252763797931,0.10982081888848333,0.003188291250504016,1.0298998000059454,CBA
Other Hydrocarbons,0.05309808882065452,0.07603723679623123,0.02293914797557671,1.4320145693577893,CBA
Gas Coke,0.0,0.0,0.0,,CBA
Gasoline Type Jet Fuel,0.0,0.0,0.0,,CBA
Chemicals nec,0.0,0.0,0.0,,CBA
"Collected and purified water, distribution services of water (41)",0.0,0.0,0.0,,CBA
Coke oven gas,0.0,0.0,0.0,,CBA
"Crude petroleum and services related to crude oil extraction, excluding surveying",0.0,0.0,0.0,,CBA
Distribution services of gaseous fuels through mains,0.0,0.0,0.0,,CBA
Blast Furnace Gas,0.0,0.0,0.0,,CBA
"Ash for treatment, Re-processing of ash into clinker",0.0,0.0,0.0,,CBA
Food waste for treatment: waste water treatment,0.0,0.0,0.0,,CBA
Food waste for treatment: landfill,0.0,0.0,0.0,,CBA
Food waste for treatment: biogasification and land application,0.0,0.0,0.0,,CBA
Food waste for treatment: composting and land application,0.0,0.0,0.0,,CBA
Food waste for treatment: incineration,0.0,0.0,0.0,,CBA
Extra-territorial organizations and bodies,0.0,0.0,0.0,,CBA
Ethane,0.0,0.0,0.0,,CBA
"Electricity by tide, wave, ocean",0.0,0.0,0.0,,CBA
"Bottles for treatment, Recycling of bottles by direct reuse",0.0,0.0,0.0,,CBA
Intert/metal waste for treatment: incineration,0.0,0.0,0.0,,CBA
Manure (biogas treatment),0.0,0.0,0.0,,CBA
Manure (conventional treatment),0.0,0.0,0.0,,CBA
"Natural gas and services related to natural gas extraction, excluding surveying",0.0,0.0,0.0,,CBA
Non-specified Petroleum Products,0.0,0.0,0.0,,CBA
Plastic waste for treatment: incineration,0.0,0.0,0.0,,CBA
Plastic waste for treatment: landfill,0.0,0.0,0.0,,CBA
Petroleum Coke,0.0,0.0,0.0,,CBA
Paper waste for treatment: biogasification and land application,0.0,0.0,0.0,,CBA
Paper for treatment: landfill,0.0,0.0,0.0,,CBA
Paper and wood waste for treatment: composting and land application,0.0,0.0,0.0,,CBA
Paper waste for treatment: incineration,0.0,0.0,0.0,,CBA
Oxygen Steel Furnace Gas,0.0,0.0,0.0,,CBA
Other waste for treatment: waste water treatment,0.0,0.0,0.0,,CBA
Oil/hazardous waste for treatment: incineration,0.0,0.0,0.0,,CBA
Inert/metal/hazardous waste for treatment: landfill,0.0,0.0,0.0,,CBA
"Secondary glass for treatment, Re-processing of secondary glass into new glass",0.0,0.0,0.0,,CBA
"Secondary aluminium for treatment, Re-processing of secondary aluminium into new aluminium",0.0,0.0,0.0,,CBA
Refinery Gas,0.0,0.0,0.0,,CBA
"Secondary copper for treatment, Re-processing of secondary copper into new copper",0.0,0.0,0.0,,CBA
"Secondary construction material for treatment, Re-processing of secondary construction material into aggregates",0.0,0.0,0.0,,CBA
"Secondary lead for treatment, Re-processing of secondary lead into new lead",0.0,0.0,0.0,,CBA
Sub-Bituminous Coal,0.0,0.0,0.0,,CBA
"Secondary other non-ferrous metals for treatment, Re-processing of secondary other non-ferrous metals into new other non-ferrous metals",0.0,0.0,0.0,,CBA
"Secondary paper for treatment, Re-processing of secondary paper into new pulp",0.0,0.0,0.0,,CBA
"Secondary preciuos metals for treatment, Re-processing of secondary preciuos metals into new preciuos metals",0.0,0.0,0.0,,CBA
"Secondary plastic for treatment, Re-processing of secondary plastic into new plastic",0.0,0.0,0.0,,CBA
"Secondary steel for treatment, Re-processing of secondary steel into new steel",0.0,0.0,0.0,,CBA
Sewage sludge for treatment: biogasification and land application,0.0,0.0,0.0,,CBA
Textiles waste for treatment: incineration,0.0,0.0,0.0,,CBA
Uranium and thorium ores (12),0.0,0.0,0.0,,CBA
Textiles waste for treatment: landfill,0.0,0.0,0.0,,CBA
Transportation services via pipelines,0.0,0.0,0.0,,CBA
"Wood material for treatment, Re-processing of secondary wood material into new wood material",0.0,0.0,0.0,,CBA
White Spirit & SBP,0.0,0.0,0.0,,CBA
Wood waste for treatment: landfill,0.0,0.0,0.0,,CBA
Wood waste for treatment: incineration,0.0,0.0,0.0,,CBA
Steam and hot water supply services,5535877320.749322,5524042579.847901,-11834740.901420593,0.9978621742831868,PBA
Food waste for treatment: landfill,3781346327.334503,4506060686.960172,724714359.6256685,1.191655113520513,PBA
Paper for treatment: landfill,2890669470.936008,3235742564.8859143,345073093.94990635,1.1193748013805849,PBA
Sea and coastal water transportation services,2850031752.521745,2850879697.168095,847944.6463499069,1.0002975211225629,PBA
Basic iron and steel and of ferro-alloys and first products thereof,2400098735.53092,2440186578.3985634,40087842.86764336,1.0167025807206118,PBA
Raw milk,2250941577.5617876,2336164984.2913547,85223406.72956705,1.0378612255329527,PBA
Cattle,2229208342.4620695,2283655710.553148,54447368.09107828,1.0244245309215663,PBA
"Cement, lime and plaster",2139058602.267744,2156135672.2377486,17077069.97000456,1.0079834512022718,PBA
Other transport equipment (35),2121716448.1886153,2120543251.7713985,-1173196.4172167778,0.9994470531544315,PBA
Air transport services (62),1496761872.4489458,1495245791.4535713,-1516080.9953744411,0.9989870927211061,PBA
Secondary raw materials,1460943521.1104214,1466184840.8855534,5241319.775131941,1.0035876265573553,PBA
Other business services (74),1373317531.4257488,1379322243.972437,6004712.54668808,1.0043724138149275,PBA
Construction work (45),1169195123.2419388,1172379522.1763084,3184398.934369564,1.0027235821216394,PBA
Gas/Diesel Oil,802720168.4592955,825637732.3661565,22917563.906860948,1.0285498792821512,PBA
Paper and paper products,785587714.7084615,796968114.4179529,11380399.709491372,1.014486478717039,PBA
Motor Gasoline,678109906.1598816,697926620.1797442,19816714.01986265,1.0292234545460104,PBA
Cereal grains nec,747469890.103682,693475190.0378424,-53994700.06583965,0.9277633777885689,PBA
Computer and related services (72),656822821.1990153,662899289.231806,6076468.03279078,1.0092513046694973,PBA
Meat animals nec,639132180.8134587,653917702.8613364,14785522.04787767,1.0231337468081474,PBA
Real estate services (70),624370323.0939403,646806520.4390599,22436197.345119596,1.0359341187677555,PBA
Wheat,645333799.2243195,598352846.7179512,-46980952.50636828,0.9271989897897203,PBA
Electricity by hydro,560058583.6314108,560089081.6143485,30497.982937693596,1.0000544549870836,PBA
"Medical, precision and optical instruments, watches and clocks (33)",512356673.6324378,512455394.0891095,98720.45667165518,1.0001926791661984,PBA
"Motor vehicles, trailers and semi-trailers (34)",502633563.5202276,502468812.54171073,-164750.9785168767,0.9996722244782799,PBA
Renting services of machinery and equipment without operator and of personal and household goods (71),457425602.2741655,463170532.49896204,5744930.224796534,1.012559266897687,PBA
Electricity by wind,458231267.1764516,458031916.6162183,-199350.56023329496,0.9995649564433661,PBA
"Plastics, basic",447622052.7471929,452348350.71416163,4726297.966968715,1.0105586798906845,PBA
Stone,240604437.0627813,420784050.7723607,180179613.70957938,1.7488623896930247,PBA
Wood and products of wood and cork (except furniture); articles of straw and plaiting materials (20),287948783.15333754,410841274.8402411,122892491.68690354,1.4267859386002726,PBA
"Products of forestry, logging and related services (02)",186589445.34095865,407711371.93356,221121926.59260136,2.185071996910333,PBA
Distribution services of gaseous fuels through mains,401644159.1600842,401856344.014697,212184.8546128273,1.0005282906517465,PBA
Electricity nec,396593751.4859544,396418872.1824864,-174879.30346798897,0.9995590467504525,PBA
Pulp,352077721.7703527,396364267.1402302,44286545.36987746,1.1257862756756984,PBA
Heavy Fuel Oil,362488601.2619541,372732267.9636541,10243666.701699972,1.0282592795084813,PBA
Aluminium and aluminium products,275777090.14773315,352253818.8212188,76476728.67348564,1.2773135673906677,PBA
Copper ores and concentrates,300293823.79345685,331280592.9546696,30986769.161212742,1.103188166742069,PBA
Furniture; other manufactured goods n.e.c. (36),322656160.8458213,322972296.8503009,316136.0044795871,1.000979792245872,PBA
Sand and clay,207786290.96882245,307139572.5586575,99353281.58983508,1.4781512828714127,PBA
Glass and glass products,304063702.4262883,304708417.7754539,644715.3491656184,1.0021203298651602,PBA
Oil seeds,273230710.45585155,251138063.80149156,-22092646.654359996,0.919142886180323,PBA
Poultry,273032963.452307,246418894.30169833,-26614069.15060866,0.9025243369368565,PBA
Other services (93),218090235.75942484,245046238.02966443,26956002.27023959,1.123600225275444,PBA
"Collected and purified water, distribution services of water (41)",240417842.02540392,240046110.55063763,-371731.4747662842,0.9984538107836148,PBA
Hotel and restaurant services (55),237694102.6961225,237726613.9823334,32511.286210894585,1.000136777841108,PBA
Food products nec,225361407.65714172,237493312.91698194,12131905.25984022,1.0538331091643576,PBA
Foundry work services,286567520.55466086,229330051.0549151,-57237469.49974576,0.8002653287819891,PBA
Iron ores,117630212.43897341,215285379.77585933,97655167.33688591,1.830187800498528,PBA
Supporting and auxiliary transport services; travel agency services (63),212856858.5525977,213105802.39595652,248943.84335881472,1.0011695363966733,PBA
"Wholesale trade and commission trade services, except of motor vehicles and motorcycles (51)",206244689.76785988,208525884.25987598,2281194.492016107,1.0110606217041695,PBA
Coke Oven Coke,199047629.3701356,202048789.53500602,3001160.164870411,1.0150775981325035,PBA
Plastic waste for treatment: landfill,176565931.26121277,197459409.4735388,20893478.21232602,1.118332444221168,PBA
Inland water transportation services,189575237.7656014,189573914.66544288,-1323.1001585125923,0.999993020712124,PBA
Machinery and equipment n.e.c. (29),177463609.70133683,182528979.73049575,5065370.02915892,1.0285431477342522,PBA
"Fabricated metal products, except machinery and equipment (28)",170226114.65521747,174482161.05879566,4256046.403578192,1.0250023118497333,PBA
Other non-metallic mineral products,169818433.2613712,173165622.1357855,3347188.874414295,1.0197103978062414,PBA
Intert/metal waste for treatment: incineration,149428299.32211056,168531893.30247876,19103593.980368197,1.1278445519826745,PBA
Pigs,167737648.4999676,163152453.26555604,-4585195.234411567,0.97266448364207,PBA
"Retail  trade services, except of motor vehicles and motorcycles; repair services of personal and household goods (52)",160083994.5500284,161265429.6537977,1181435.1037692726,1.0073800951000136,PBA
Chemicals nec,152222021.29613748,154216738.36064118,1994717.0645036995,1.013103998012371,PBA
Crops nec,107277481.08243851,153522245.28457963,46244764.20214112,1.431076156296062,PBA
"Insurance and pension funding services, except compulsory social security services (66)",140269884.93731987,140271809.5858242,1924.6485043168068,1.0000137210385907,PBA
Dairy products,133560174.49243705,134445872.20829403,885697.7158569843,1.0066314507241614,PBA
Ceramic goods,131488071.54265419,131706701.92787679,218630.3852225989,1.0016627393090305,PBA
Animal products nec,125759032.51168473,128391543.91415262,2632511.4024678916,1.020932980716302,PBA
Other waste for treatment: waste water treatment,41290588.01370044,126513664.36093232,85223076.34723188,3.0639831120582346,PBA
Electricity by biomass and waste,111539440.15369979,112769777.39423557,1230337.2405357808,1.0110305129633106,PBA
Textiles waste for treatment: landfill,98575795.99705769,110351145.5691632,11775349.572105512,1.1194547754142101,PBA
Health and social work services (85),109648133.83819011,109989660.70667055,341526.86848044395,1.0031147531337328,PBA
Printed matter and recorded media (22),102108166.15458839,107145550.70262593,5037384.548037544,1.0493338068613545,PBA
Research and development services (73),102733043.22140172,103434807.21671438,701763.9953126609,1.0068309472133545,PBA
"Chemical and fertilizer minerals, salt and other mining and quarrying products n.e.c.",98666925.58997913,99211281.2145557,544355.6245765686,1.0055171033385462,PBA
Other land transportation services,90732409.0438651,91166693.89340593,434284.84954082966,1.0047864357853749,PBA
Post and telecommunication services (64),89612688.27572463,89606370.30281319,-6317.972911447287,0.9999294968934309,PBA
Retail trade services of motor fuel,82535243.6899038,82535768.07102056,524.3811167627573,1.0000063534205912,PBA
Electricity by nuclear,78810884.02183467,79142324.4971413,331440.47530663013,1.0042055165275752,PBA
"Vegetables, fruit, nuts",77456487.43247916,76072882.68342358,-1383604.7490555793,0.9821370062738554,PBA
Membership organisation services n.e.c. (91),70954267.5598413,71110039.89216882,155772.3323275149,1.0021953906041823,PBA
Public administration and defence services; compulsory social security services (75),70667554.32011363,70774153.61361466,106599.29350103438,1.0015084616204228,PBA
"Natural gas and services related to natural gas extraction, excluding surveying",61764981.87377964,69194395.05315281,7429413.179373175,1.120285199703541,PBA
"Sugar cane, sugar beet",68471908.40165117,68945573.39436741,473664.9927162379,1.0069176543165375,PBA
Food waste for treatment: incineration,65155327.92717842,67386777.16432601,2231449.237147592,1.034248146822952,PBA
Food waste for treatment: waste water treatment,16243798.792134702,61855347.80710616,45611549.01497146,3.8079360991011972,PBA
Beverages,57903011.29388268,61169802.22160197,3266790.9277192876,1.0564183253119415,PBA
Fish products,59343086.876398556,59589016.77759805,245929.90119949728,1.0041442047278688,PBA
Inert/metal/hazardous waste for treatment: landfill,54075118.15067991,54039288.08340014,-35830.06727977097,0.9993374019603631,PBA
Wood waste for treatment: landfill,43758958.489068195,48962614.310732014,5203655.821663819,1.1189163545326104,PBA
Bitumen,25847845.015924193,47831043.305091865,21983198.289167672,1.850484760939428,PBA
Biogas,46212406.662566066,46241629.633820884,29222.97125481814,1.000632362029275,PBA
Education services (80),45526130.41617652,45720896.95087227,194766.53469575197,1.0042781262741924,PBA
Blast Furnace Gas,41973938.10467896,41996286.95528881,22348.850609853864,1.0005324458847324,PBA
"Lead, zinc and tin and products thereof",41575389.10728044,41954605.25946992,379216.1521894783,1.0091211690457293,PBA
"Lead, zinc and tin ores and concentrates",39114442.04284209,41131129.64233185,2016687.5994897634,1.0515586441775364,PBA
"Bricks, tiles and construction products, in baked clay",40835815.419954814,40837893.58874458,2078.168789766729,1.0000508908361054,PBA
Meat products nec,36017967.163247444,38523028.20365237,2505061.0404049233,1.0695503171806173,PBA
"Financial intermediation services, except insurance and pension funding services (65)",38436850.64322001,38503260.920951,66410.27773099393,1.001727776251687,PBA
Lubricants,37213041.00668328,38346921.36026866,1133880.3535853773,1.0304699729694689,PBA
Nuclear fuel,37906581.67637018,38026851.305023536,120269.62865335494,1.0031727901418326,PBA
Transportation services via pipelines,37898139.2995362,37905722.26664903,7582.967112831771,1.0002000881112632,PBA
Kerosene Type Jet Fuel,35303811.10974807,36724801.29488053,1420990.1851324588,1.0402503339006393,PBA
Rubber and plastic products (25),28202097.817196406,36667995.95930472,8465898.142108314,1.3001868228733744,PBA
Electrical machinery and apparatus n.e.c. (31),34035566.96119418,35169002.20990129,1133435.2487071082,1.0333014945806367,PBA
"Sale, maintenance, repair of motor vehicles, motor vehicles parts, motorcycles, motor cycles parts and accessoiries",32381036.43573784,33113316.788742095,732280.3530042544,1.0226144816104794,PBA
Liquefied Petroleum Gases (LPG),29408098.82136815,30945784.49612784,1537685.6747596897,1.0522878301008154,PBA
Paper waste for treatment: incineration,27813939.600964293,29912817.93663441,2098878.3356701173,1.0754613825219261,PBA
Services auxiliary to financial intermediation (67),28351706.771946404,28364233.728516895,12526.956570491195,1.0004418413561926,PBA
"Recreational, cultural and sporting services (92)",26965084.47513837,27107138.87084666,142054.395708289,1.005268086433746,PBA
Electricity by gas,26816635.45282743,26750918.259712707,-65717.19311472401,0.9975493870873426,PBA
Precious metal ores and concentrates,22163918.867986094,26518397.013270304,4354478.145284209,1.1964669773076044,PBA
Food waste for treatment: composting and land application,100107948.01176046,26401128.425527126,-73706819.58623333,0.2637265966377173,PBA
Copper products,24859558.99392316,25532965.037824567,673406.0439014062,1.027088414724735,PBA
Biodiesels,25164105.269987766,25351285.110633645,187179.8406458795,1.0074383666193418,PBA
Wood waste for treatment: incineration,22782484.493880823,24068746.89007858,1286262.396197755,1.0564583900646671,PBA
Railway transportation services,22243138.954236936,22420888.95803024,177750.00379330292,1.0079912284034644,PBA
Oil/hazardous waste for treatment: incineration,20343309.295756187,22087310.092876304,1744000.7971201167,1.085728470809021,PBA
Coke oven gas,21576216.16331093,21619182.945726477,42966.78241554648,1.0019913956223987,PBA
Naphtha,18141128.123401463,19308467.734469887,1167339.6110684238,1.0643476857187615,PBA
Distribution and trade services of electricity,17605902.88315533,18487011.59281856,881108.7096632272,1.0500462098144503,PBA
Plastic waste for treatment: incineration,16528287.334823111,16816140.249423757,287852.9146006461,1.0174157738650982,PBA
Other non-ferrous metal products,16725022.562127177,16726696.991413577,1674.4292863998562,1.0001001152183908,PBA
Sugar,15347469.811748346,16517284.559692357,1169814.7479440104,1.0762219937418303,PBA
Fish and other fishing products; services incidental of fishing (05),14521769.831629463,15484210.118208492,962440.2865790296,1.0662756880006985,PBA
Other Liquid Biofuels,14349208.51047717,14455315.303299798,106106.79282262735,1.0073946094479813,PBA
Wearing apparel; furs (18),14320436.083287185,14337368.780720228,16932.69743304327,1.001182414930283,PBA
Non-specified Petroleum Products,13735214.918620111,14100518.138104688,365303.21948457696,1.0265961050954764,PBA
Electricity by petroleum and other oil derivatives,13645481.795384707,13727737.14300846,82255.34762375243,1.006028028094367,PBA
Sewage sludge for treatment: biogasification and land application,11998144.88823849,13180070.871991485,1181925.9837529957,1.0985090607558516,PBA
Biogasoline,11151663.28571773,11235596.548782064,83933.26306433417,1.0075265241528437,PBA
Textiles (17),10675135.594508817,10878470.000906616,203334.40639779903,1.019047477626644,PBA
"Radio, television and communication equipment and apparatus (32)",10451861.188648812,10583013.589487374,131152.40083856136,1.0125482340868628,PBA
Textiles waste for treatment: incineration,9360980.385705726,9683530.556326741,322550.17062101513,1.0344568792296105,PBA
Electricity by coal,9503431.473042088,9567156.694730218,63725.22168813087,1.0067054959957251,PBA
Products of meat poultry,7866360.175800402,8764514.487067811,898154.3112674095,1.1141766066128573,PBA
Refinery Feedstocks,7668938.332410363,8039634.309045017,370695.9766346542,1.0483373265720528,PBA
P- and other fertiliser,6921279.588211408,7017633.550711794,96353.96250038594,1.0139214087904351,PBA
Transmission services of electricity,6595711.376474862,6917047.930041672,321336.55356680974,1.0487190137993199,PBA
Office machinery and computers (30),6505665.698522624,6564265.232557694,58599.5340350708,1.0090074616112503,PBA
Peat,4176469.3551955204,6504344.387185478,2327875.031989957,1.5573786933439568,PBA
Products of meat pigs,5537657.948128931,6299472.318663104,761814.3705341732,1.1375697772722808,PBA
Products of meat cattle,5248366.310928897,5735958.789108571,487592.47817967366,1.0929036674068155,PBA
Petroleum Coke,3335897.4093154864,3425512.7315818006,89615.32226631418,1.0268639323307915,PBA
Refinery Gas,3199315.504781006,3367422.151604395,168106.646823389,1.0525445666650173,PBA
Gas Works Gas,3266531.8294167174,3268643.0969262877,2111.2675095703453,1.0006463330589823,PBA
Uranium and thorium ores (12),3051719.3168826937,3214583.298082174,162863.98119948013,1.0533679425556883,PBA
Kerosene,2242924.0067398814,2522172.878988123,279248.8722482417,1.124502154958934,PBA
Food waste for treatment: biogasification and land application,2324197.1859176983,2373655.0429470576,49457.85702935932,1.0212795443213787,PBA
Paraffin Waxes,2000477.6583226635,2032277.4955978151,31799.83727515163,1.015896122180047,PBA
Precious metals,1709918.5724008305,1715958.9515066303,6040.379105799831,1.0035325536568205,PBA
White Spirit & SBP,1548267.1995111306,1635521.456801431,87254.25729030045,1.0563560716895968,PBA
products of Vegetable oils and fats,907750.2706792123,1089149.7021040863,181399.431424874,1.1998340703210633,PBA
Oxygen Steel Furnace Gas,741130.5970523305,742172.03352335,1041.4364710195223,1.0014051996708293,PBA
N-fertiliser,641247.4315340047,643778.6262862218,2531.1947522170376,1.0039472980751936,PBA
Leather and leather products (19),515945.41662747983,515391.94101084495,-553.4756166348816,0.9989272593596185,PBA
Paper waste for treatment: biogasification and land application,501808.4473959628,500498.13019459305,-1310.317201369733,0.9973888099967839,PBA
Processed rice,455041.82620685676,455569.3198660019,527.4936591451406,1.0011592201612372,PBA
Electricity by solar photovoltaic,449503.88021391147,451179.1083720252,1675.2281581137213,1.0037268380360065,PBA
Ethane,331791.18652859225,371512.835811313,39721.649282720755,1.1197188198345882,PBA
Private households with employed persons (95),153590.5136659657,155671.0560444384,2080.542378472688,1.013546034379425,PBA
Aviation Gasoline,82804.33798997097,96106.7123075861,13302.374317615133,1.1606482781038148,PBA
Coal Tar,74922.84146461725,93452.28142763779,18529.439963020544,1.247313630940855,PBA
Charcoal,79958.68900391049,83923.73183179833,3965.042827887839,1.0495886423012004,PBA
Other non-ferrous metal ores and concentrates,42658.676859152954,44842.33587110187,2183.659011948919,1.0511890938192656,PBA
"Wool, silk-worm cocoons",16816.97480054519,17263.021593991733,446.0467934465414,1.02652360479437,PBA
Additives/Blending Components,10527.949057457985,11775.108832241858,1247.1597747838732,1.1184617980175717,PBA
Electricity by Geothermal,3534.741170611504,3960.3922632295876,425.65109261808357,1.120419309950337,PBA
Nickel ores and concentrates,2505.106196342605,2805.718939902027,300.61274355942214,1.119999999999325,PBA
Paper and wood waste for treatment: composting and land application,1474.0231577696857,1580.1390778645782,106.11592009489254,1.0719906736441336,PBA
Electricity by solar thermal,2.6509979978659084,4.46113191610471,1.8101339182388019,1.682812253987361,PBA
Plant-based fibers,0.0,0.0,0.0,,PBA
Gasoline Type Jet Fuel,0.0,0.0,0.0,,PBA
Gas Coke,0.0,0.0,0.0,,PBA
"Wood material for treatment, Re-processing of secondary wood material into new wood material",0.0,0.0,0.0,,PBA
"Secondary paper for treatment, Re-processing of secondary paper into new pulp",0.0,0.0,0.0,,PBA
Tobacco products (16),0.0,0.0,0.0,,PBA
Manure (biogas treatment),0.0,0.0,0.0,,PBA
Manure (conventional treatment),0.0,0.0,0.0,,PBA
Coking Coal,0.0,0.0,0.0,,PBA
Patent Fuel,0.0,0.0,0.0,,PBA
Sub-Bituminous Coal,0.0,0.0,0.0,,PBA
Other Hydrocarbons,0.0,0.0,0.0,,PBA
"Crude petroleum and services related to crude oil extraction, excluding surveying",0.0,0.0,0.0,,PBA
Lignite/Brown Coal,0.0,0.0,0.0,,PBA
Natural Gas Liquids,0.0,0.0,0.0,,PBA
BKB/Peat Briquettes,0.0,0.0,0.0,,PBA
Aluminium ores and concentrates,0.0,0.0,0.0,,PBA
Anthracite,0.0,0.0,0.0,,PBA
Other Bituminous Coal,0.0,0.0,0.0,,PBA
Paddy rice,0.0,0.0,0.0,,PBA
"Secondary aluminium for treatment, Re-processing of secondary aluminium into new aluminium",0.0,0.0,0.0,,PBA
"Bottles for treatment, Recycling of bottles by direct reuse",0.0,0.0,0.0,,PBA
"Secondary copper for treatment, Re-processing of secondary copper into new copper",0.0,0.0,0.0,,PBA
"Secondary other non-ferrous metals for treatment, Re-processing of secondary other non-ferrous metals into new other non-ferrous metals",0.0,0.0,0.0,,PBA
"Ash for treatment, Re-processing of ash into clinker",0.0,0.0,0.0,,PBA
"Secondary glass for treatment, Re-processing of secondary glass into new glass",0.0,0.0,0.0,,PBA
"Secondary plastic for treatment, Re-processing of secondary plastic into new plastic",0.0,0.0,0.0,,PBA
"Secondary steel for treatment, Re-processing of secondary steel into new steel",0.0,0.0,0.0,,PBA
"Secondary preciuos metals for treatment, Re-processing of secondary preciuos metals into new preciuos metals",0.0,0.0,0.0,,PBA
"Secondary lead for treatment, Re-processing of secondary lead into new lead",0.0,0.0,0.0,,PBA
"Secondary construction material for treatment, Re-processing of secondary construction material into aggregates",0.0,0.0,0.0,,PBA
"Electricity by tide, wave, ocean",0.0,0.0,0.0,,PBA
Extra-territorial organizations and bodies,0.0,0.0,0.0,,PBA
